Week,Cadalora,Green Trial,Levente (inactive),Levente Phase 2,Levente Phase 3,Mathieu,Silverstone,Yellow Gem,Weekly total
17,6612.3,,14658.0,,,16478.7,11048.0,23290.3,72087.3
18,7329.4,19612.2,14674.5,,,16350.0,11726.8,24058.4,93751.3
19,8120.3,,14429.5,,,16485.6,12232.0,24715.5,75982.9
20,8898.0,,13950.1,,,16870.5,12508.0,25189.2,77415.8
21,9576.8,21908.4,13289.1,,,17462.2,12524.5,25427.5,100188.4
22,10082.0,,12519.2,,,18195.8,12279.5,25404.0,78480.4
23,10358.0,,11725.1,,,18990.3,11800.1,25121.3,77994.9
24,10374.5,23277.5,10994.3,,,19758.4,11139.1,24610.7,100154.4
25,10129.5,,10407.3,,,20415.5,10369.2,23928.2,75249.7
26,9650.1,,10028.7,,,20889.2,9575.1,23149.1,73292.2
27,,,,,,,,,
28,8219.2,,,13895.8,18265.5,21104.0,8257.3,21645.0,91386.7
29,7425.1,,,14690.3,18739.2,20821.3,7878.7,21085.7,90640.4
30,6694.3,0.0,,15458.4,18977.5,20310.7,7750.0,20742.6,89933.6
31,7341.8,,,16115.5,18954.0,19628.2,7885.6,20653.6,90578.7
32,5728.7,,,16589.2,18671.3,18849.1,8270.5,20828.3,88937.1
33,5600.0,18592.6,,16827.5,18160.7,18059.0,8862.2,21247.6,107349.7
34,5735.6,,,16804.0,17478.2,17345.0,9595.8,21865.4,88824.0
35,6120.5,,,16521.3,16699.1,16785.7,10390.3,22613.5,89130.4
36,6712.2,19097.6,,16010.7,15909.0,16442.6,11158.4,23409.7,108740.3
37,7445.8,,,15328.2,15195.0,16353.6,11815.5,24166.3,90304.4
38,8240.3,,,14549.1,14635.7,16528.3,12289.2,24800.0,91042.7
39,9008.4,21259.7,,13759.0,14292.6,16947.6,12527.5,25241.1,113035.9
Season total,175402.7,123748.1,126675.8,186549.0,205977.9,401071.4,231883.1,513193.1,1964501.1
